<!-- This is a generated file. It is highly recommended that you DO NOT edit this file. --><iq:manifest xmlns:iq="http://www.garmin.com/xml/connectiq" version="3">
    <iq:application entry="GarminApp" id="5221187d18394a2abe923aee2a69cd94" launcherIcon="@Drawables.LauncherIcon" name="@Strings.AppName" type="watch-app" version="0.0.0">
        <iq:products>
            <iq:product id="vivoactive4"/>
            <iq:product id="vivoactive4s"/>
        </iq:products>
        <iq:permissions>
            <iq:uses-permission id="Ant"/>
            <iq:uses-permission id="Background"/>
            <iq:uses-permission id="BluetoothLowEnergy"/>
            <iq:uses-permission id="Communications"/>
            <iq:uses-permission id="Fit"/>
            <iq:uses-permission id="FitContributor"/>
            <iq:uses-permission id="PersistedContent"/>
            <iq:uses-permission id="PersistedLocations"/>
            <iq:uses-permission id="Positioning"/>
            <iq:uses-permission id="PushNotification"/>
            <iq:uses-permission id="Sensor"/>
            <iq:uses-permission id="SensorHistory"/>
            <iq:uses-permission id="SensorLogging"/>
            <iq:uses-permission id="UserProfile"/>
        </iq:permissions>
        <iq:languages>
            <iq:language>kor</iq:language>
        </iq:languages>
        <iq:barrels>
            <iq:depends name="HrvAlgorithms" version="1.1.0"/>
            <iq:depends name="StatusIconFonts" version="0.0.0"/>
        </iq:barrels>
    </iq:application>
</iq:manifest>
